rule_id,layer,data_object,suite,expectation,severity,kwargs
DQ01,raw,spotify_raw,spotify_raw_suite,expect_column_to_exist,critical,"{""column"": ""track_id""}"
DQ01,raw,spotify_raw,spotify_raw_suite,expect_column_to_exist,critical,"{""column"": ""artists""}"
DQ01,raw,spotify_raw,spotify_raw_suite,expect_column_to_exist,critical,"{""column"": ""popularity""}"
DQ01,raw,spotify_raw,spotify_raw_suite,expect_column_to_exist,critical,"{""column"": ""explicit""}"
DQ01,raw,spotify_raw,spotify_raw_suite,expect_column_to_exist,critical,"{""column"": ""track_genre""}"
DQ01,raw,spotify_raw,spotify_raw_suite,expect_column_to_exist,critical,"{""column"": ""energy""}"
DQ01,raw,spotify_raw,spotify_raw_suite,expect_column_to_exist,critical,"{""column"": ""valence""}"
DQ01,raw,spotify_raw,spotify_raw_suite,expect_column_to_exist,critical,"{""column"": ""danceability""}"
DQ01,raw,spotify_raw,spotify_raw_suite,expect_column_to_exist,critical,"{""column"": ""acousticness""}"
DQ01,raw,spotify_raw,spotify_raw_suite,expect_table_row_count_to_be_between,critical,"{""min_value"": 1}"
DQ02,raw,spotify_raw,spotify_raw_suite,expect_column_values_to_not_be_null,critical,"{""column"": ""track_id""}"
DQ03,raw,spotify_raw,spotify_raw_suite,expect_column_values_to_not_be_null,critical,"{""column"": ""popularity""}"
DQ03,raw,spotify_raw,spotify_raw_suite,expect_column_values_to_be_between,critical,"{""column"": ""popularity"", ""min_value"": 0.0, ""max_value"": 100.0}"
DQ04,raw,spotify_raw,spotify_raw_suite,expect_column_values_to_be_between,critical,"{""column"": ""energy"", ""min_value"": 0.0, ""max_value"": 1.0}"
DQ04,raw,spotify_raw,spotify_raw_suite,expect_column_values_to_be_between,critical,"{""column"": ""valence"", ""min_value"": 0.0, ""max_value"": 1.0}"
DQ04,raw,spotify_raw,spotify_raw_suite,expect_column_values_to_be_between,critical,"{""column"": ""danceability"", ""min_value"": 0.0, ""max_value"": 1.0}"
DQ04,raw,spotify_raw,spotify_raw_suite,expect_column_values_to_be_between,critical,"{""column"": ""acousticness"", ""min_value"": 0.0, ""max_value"": 1.0}"
DQ05,raw,spotify_raw,spotify_raw_suite,expect_column_values_to_be_in_set,critical,"{""column"": ""explicit"", ""value_set"": [true, false]}"
DQ06,raw,spotify_raw,spotify_raw_suite,expect_column_values_to_not_be_null,critical,"{""column"": ""track_genre""}"
DQ07,raw,spotify_raw,spotify_raw_suite,expect_column_values_to_not_be_null,warning,"{""column"": ""artists"", ""mostly"": 0.99}"
DQ08,raw,spotify_raw,spotify_raw_suite,expect_column_values_to_be_between,info,"{""column"": ""popularity"", ""mostly"": 0.8, ""min_value"": 1.0, ""max_value"": 100.0}"
DQ09,raw,grammy_raw,grammy_raw_suite,expect_column_to_exist,critical,"{""column"": ""year""}"
DQ09,raw,grammy_raw,grammy_raw_suite,expect_column_to_exist,critical,"{""column"": ""category""}"
DQ09,raw,grammy_raw,grammy_raw_suite,expect_column_to_exist,critical,"{""column"": ""artist""}"
DQ09,raw,grammy_raw,grammy_raw_suite,expect_table_row_count_to_be_between,critical,"{""min_value"": 1}"
DQ10,raw,grammy_raw,grammy_raw_suite,expect_column_values_to_not_be_null,critical,"{""column"": ""year""}"
DQ10,raw,grammy_raw,grammy_raw_suite,expect_column_values_to_be_between,critical,"{""column"": ""year"", ""min_value"": 1958.0, ""max_value"": 2026.0}"
DQ11,raw,grammy_raw,grammy_raw_suite,expect_column_values_to_not_be_null,critical,"{""column"": ""category""}"
DQ12,raw,grammy_raw,grammy_raw_suite,expect_column_values_to_not_be_null,warning,"{""column"": ""artist"", ""mostly"": 0.6}"
DQ13,raw,grammy_raw,grammy_raw_suite,expect_compound_columns_to_be_unique,info,"{""column_list"": [""year"", ""category"", ""artist""], ""ignore_row_if"": ""any_value_is_missing""}"
DQ19,prepared,fact_track,fact_track_suite,expect_table_columns_to_match_set,critical,"{""column_set"": [""track_key"", ""track_id"", ""popularity"", ""energy"", ""valence"", ""danceability"", ""acousticness"", ""is_explicit""]}"
DQ14,prepared,fact_track,fact_track_suite,expect_column_values_to_not_be_null,critical,"{""column"": ""track_id""}"
DQ14,prepared,fact_track,fact_track_suite,expect_column_values_to_be_unique,critical,"{""column"": ""track_id""}"
DQ20,prepared,fact_track,fact_track_suite,expect_column_values_to_not_be_null,critical,"{""column"": ""popularity""}"
DQ20,prepared,fact_track,fact_track_suite,expect_column_values_to_be_between,critical,"{""column"": ""popularity"", ""min_value"": 0.0, ""max_value"": 100.0}"
DQ20,prepared,fact_track,fact_track_suite,expect_column_values_to_be_in_set,critical,"{""column"": ""is_explicit"", ""value_set"": [0, 1]}"
DQ20,prepared,fact_track,fact_track_suite,expect_column_values_to_not_be_null,critical,"{""column"": ""energy""}"
DQ20,prepared,fact_track,fact_track_suite,expect_column_values_to_be_between,critical,"{""column"": ""energy"", ""min_value"": 0.0, ""max_value"": 1.0}"
DQ20,prepared,fact_track,fact_track_suite,expect_column_values_to_not_be_null,critical,"{""column"": ""valence""}"
DQ20,prepared,fact_track,fact_track_suite,expect_column_values_to_be_between,critical,"{""column"": ""valence"", ""min_value"": 0.0, ""max_value"": 1.0}"
DQ20,prepared,fact_track,fact_track_suite,expect_column_values_to_not_be_null,critical,"{""column"": ""danceability""}"
DQ20,prepared,fact_track,fact_track_suite,expect_column_values_to_be_between,critical,"{""column"": ""danceability"", ""min_value"": 0.0, ""max_value"": 1.0}"
DQ20,prepared,fact_track,fact_track_suite,expect_column_values_to_not_be_null,critical,"{""column"": ""acousticness""}"
DQ20,prepared,fact_track,fact_track_suite,expect_column_values_to_be_between,critical,"{""column"": ""acousticness"", ""min_value"": 0.0, ""max_value"": 1.0}"
DQ19,prepared,fact_award,fact_award_suite,expect_table_columns_to_match_set,critical,"{""column_set"": [""award_key"", ""source_row_number"", ""artist_key"", ""category_key"", ""year_key"", ""award_count""]}"
DQ21,prepared,fact_award,fact_award_suite,expect_column_values_to_not_be_null,critical,"{""column"": ""artist_key""}"
DQ21,prepared,fact_award,fact_award_suite,expect_column_values_to_not_be_null,critical,"{""column"": ""category_key""}"
DQ21,prepared,fact_award,fact_award_suite,expect_column_values_to_not_be_null,critical,"{""column"": ""year_key""}"
DQ21,prepared,fact_award,fact_award_suite,expect_column_values_to_be_in_set,critical,"{""column"": ""award_count"", ""value_set"": [1]}"
DQ19,prepared,dim_artist,dim_artist_suite,expect_table_columns_to_match_set,critical,"{""column_set"": [""artist_key"", ""artist_name"", ""artist_norm"", ""in_grammy"", ""in_spotify"", ""total_awards"", ""track_count"", ""avg_popularity"", ""max_popularity"", ""segment"", ""popularity_zero""]}"
DQ15,prepared,dim_artist,dim_artist_suite,expect_column_values_to_not_be_null,critical,"{""column"": ""artist_norm""}"
DQ15,prepared,dim_artist,dim_artist_suite,expect_column_values_to_be_unique,critical,"{""column"": ""artist_norm""}"
DQ15,prepared,dim_artist,dim_artist_suite,expect_column_values_to_match_regex,critical,"{""column"": ""artist_norm"", ""regex"": ""^[^\\sA-Z](?:[^A-Z]*[^\\sA-Z])?$""}"
DQ15,prepared,dim_artist,dim_artist_suite,expect_column_values_to_not_match_regex,critical,"{""column"": ""artist_norm"", ""regex"": ""\\s{2,}""}"
DQ17,prepared,dim_artist,dim_artist_suite,expect_column_values_to_be_in_set,critical,"{""column"": ""segment"", ""value_set"": [""candidato"", ""consolidado"", ""no aplica""]}"
DQ18,prepared,dim_artist,dim_artist_suite,expect_column_mean_to_be_between,warning,"{""column"": ""in_spotify"", ""row_condition"": {""pass_through_filter"": ""in_grammy == True and artist_key != 0"", ""type"": ""pass_through""}, ""condition_parser"": ""pandas"", ""min_value"": 0.25, ""max_value"": 1.0}"
DQ22,prepared,dim_artist,dim_artist_suite,expect_column_distinct_values_to_contain_set,warning,"{""column"": ""segment"", ""value_set"": [""candidato"", ""consolidado""]}"
DQ19,prepared,dim_genre,dim_genre_suite,expect_table_columns_to_match_set,critical,"{""column_set"": [""genre_key"", ""genre"", ""genre_family""]}"
DQ16,prepared,dim_genre,dim_genre_suite,expect_column_values_to_not_be_null,critical,"{""column"": ""genre_family""}"
DQ16,prepared,dim_genre,dim_genre_suite,expect_column_values_to_be_in_set,critical,"{""column"": ""genre_family"", ""value_set"": [""Pop"", ""Rock"", ""Metal"", ""Electrónica"", ""Hip-hop, R&B y Soul"", ""Latina"", ""Reggae y Afro"", ""Jazz y Blues"", ""Country y Folk"", ""Clásica e Instrumental"", ""Regional / Internacional"", ""Contexto y Ánimo""]}"
