category,rows,missing_artist,pct_missing
Song Of The Year,70,70,100.0
Best Opera Recording,64,64,100.0
Best Album Notes,63,63,100.0
Best Country Song,55,55,100.0
Best Instrumental Composition,55,55,100.0
Best New Artist,51,50,98.0
Best Historical Album,44,44,100.0
Best Chamber Music Performance,43,43,100.0
Best Instrumental Arrangement,39,39,100.0
Best Orchestral Performance,36,36,100.0
Best Classical Album,35,35,100.0
Best Rock Song,33,33,100.0
Best Rhythm & Blues Song,32,32,100.0
Best Recording Package,32,32,100.0
Best Choral Performance,30,30,100.0
"Best Engineered Album, Classical",28,28,100.0
"Producer Of The Year, Non-Classical",27,27,100.0
"Producer Of The Year, Classical",27,27,100.0
Best Engineered Recording - Non-Classical,25,25,100.0
"Best Engineered Album, Non-Classical",24,24,100.0
