artist_norm,awards,artist_name
u2,18,U2
dixie chicks,12,Dixie Chicks
jimmy sturr,12,Jimmy Sturr
pat metheny group,10,Pat Metheny Group
cece winans,9,CeCe Winans
shirley caesar,9,Shirley Caesar
the manhattan transfer,8,The Manhattan Transfer
henry mancini,8,Henry Mancini
bill cosby,8,Bill Cosby
take 6,7,Take 6
asleep at the wheel,7,Asleep At The Wheel
los tigres del norte,7,Los Tigres Del Norte
outkast,6,OutKast
steven curtis chapman,6,Steven Curtis Chapman
5th dimension,6,5th Dimension
chet atkins,6,Chet Atkins
bobby mcferrin,6,Bobby McFerrin
jose feliciano,6,Jose Feliciano
ricky skaggs & kentucky thunder,6,Ricky Skaggs & Kentucky Thunder
robert plant & alison krauss,6,Robert Plant & Alison Krauss
amy grant,6,Amy Grant
al jarreau,5,Al Jarreau
blackwood brothers,5,Blackwood Brothers
phil collins,5,Phil Collins
the chieftains,5,The Chieftains
the judds,5,The Judds
luis miguel,5,Luis Miguel
mary chapin carpenter,5,Mary Chapin Carpenter
george carlin,5,George Carlin
dianne reeves,5,Dianne Reeves
david sanborn,5,David Sanborn
ronnie milsap,5,Ronnie Milsap
ziggy marley,5,Ziggy Marley
peter gabriel,4,Peter Gabriel
chick corea,4,Chick Corea
weird al yankovic,4,Weird Al Yankovic
enya,4,Enya
dc talk,4,dc Talk
pat benatar,4,Pat Benatar
joni mitchell,4,Joni Mitchell
mana,4,Maná
peter schickele,4,Peter Schickele
pepe aguilar,4,Pepe Aguilar
bela fleck & the flecktones,4,Béla Fleck & The Flecktones
paul winter consort,4,Paul Winter Consort
petra,4,Petra
the blind boys of alabama,4,The Blind Boys Of Alabama
anne murray,4,Anne Murray
andrae crouch,4,Andrae Crouch
simon and garfunkel,4,Simon And Garfunkel
the imperials,4,The Imperials
the winans,4,The Winans
tlc,4,TLC
third day,4,Third Day
robin williams,4,Robin Williams
b.j. thomas,4,B.J. Thomas
sarah mclachlan,3,Sarah McLachlan
randy brecker,3,Randy Brecker
mahalia jackson,3,Mahalia Jackson
mighty clouds of joy,3,Mighty Clouds Of Joy
maya angelou,3,Maya Angelou
carole king,3,Carole King
los lobos,3,Los Lobos
levon helm,3,Levon Helm
rosanne cash,3,Rosanne Cash
woody herman,3,Woody Herman
soweto gospel choir,3,Soweto Gospel Choir
spanish harlem orchestra,3,Spanish Harlem Orchestra
alison krauss and union station,3,Alison Krauss And Union Station
pj morton,3,PJ Morton
the robert cray band,3,The Robert Cray Band
ashley cleveland,3,Ashley Cleveland
tom chapin,3,Tom Chapin
ward swingle (the swingle singers),3,Ward Swingle (The Swingle Singers)
yolanda adams,3,Yolanda Adams
ziggy marley & the melody makers,3,Ziggy Marley & The Melody Makers
vikki carr,3,Vikki Carr
beastie boys,3,Beastie Boys
stevie ray vaughan & double trouble,3,Stevie Ray Vaughan & Double Trouble
herb alpert and the tijuana brass,3,Herb Alpert And The Tijuana Brass
donnie mcclurkin,3,Donnie McClurkin
dave chappelle,3,Dave Chappelle
jake hess,3,Jake Hess
jay z,3,Jay Z
india.arie,3,India.Arie
"harry connick, jr.",3,"Harry Connick, Jr."
jimmy sturr and his orchestra,3,Jimmy Sturr And His Orchestra
chet atkins & mark knopfler,3,Chet Atkins & Mark Knopfler
jars of clay,3,Jars Of Clay
jimmy carter,3,Jimmy Carter
charley pride,3,Charley Pride
jimmy sturr & his orchestra,3,Jimmy Sturr & His Orchestra
lauryn hill,3,Lauryn Hill
larnelle harris,3,Larnelle Harris
lalah hathaway,3,Lalah Hathaway
kings of leon,3,Kings Of Leon
chris rock,3,Chris Rock
(the muppets),3,(The Muppets)
flaco jimenez,3,Flaco Jimenez
erykah badu,3,Erykah Badu
gotye,3,Gotye
sandi patti,2,Sandi Patti
robert glasper experiment,2,Robert Glasper Experiment
sandi patti & larnelle harris,2,Sandi Patti & Larnelle Harris
rebirth brass band,2,Rebirth Brass Band
ramsey lewis,2,Ramsey Lewis
pete seeger,2,Pete Seeger
"blood, sweat and tears",2,"Blood, Sweat And Tears"
bill miller,2,Bill Miller
ravi shankar,2,Ravi Shankar
ramblin' jack elliott,2,Ramblin' Jack Elliott
prince & the revolution,2,Prince & The Revolution
the fairfield four,2,The Fairfield Four
the happy goodman family,2,The Happy Goodman Family
audio adrenaline,2,Audio Adrenaline
stan kenton,2,Stan Kenton
bebe winans,2,Bebe Winans
tanya tucker,2,Tanya Tucker
bebe & cece winans,2,BeBe & CeCe Winans
tito puente & his latin ensemble,2,Tito Puente & His Latin Ensemble
the nashville bluegrass band,2,The Nashville Bluegrass Band
the okee dokee brothers,2,The Okee Dokee Brothers
tom waits,2,Tom Waits
wayne shorter,2,Wayne Shorter
vaughn meader,2,Vaughn Meader
vaughan brothers,2,Vaughan Brothers
yellowjackets,2,Yellowjackets
yola,2,Yola
usa for africa - various artists,2,USA For Africa - Various Artists
wynton marsalis,2,Wynton Marsalis
walter ostanek & his band,2,Walter Ostanek & His Band
alabama,2,Alabama
al franken,2,Al Franken
russ taff,2,Russ Taff
shawn colvin,2,Shawn Colvin
ruben blades con roberto delgado & orquesta,2,Rubén Blades Con Roberto Delgado & Orquesta
riders in the sky,2,Riders In The Sky
rival sons,2,Rival Sons
the bill gaither trio,2,The Bill Gaither Trio
stephen colbert,2,Stephen Colbert
terrance simien & the zydeco experience,2,Terrance Simien & The Zydeco Experience
the kingston trio,2,The Kingston Trio
andrae crouch & the disciples,2,Andrae Crouch & The Disciples
the statler brothers,2,The Statler Brothers
olga tanon,2,Olga Tañón
melissa etheridge,2,Melissa Etheridge
booker t. jones,2,Booker T. Jones
bobby rush,2,Bobby Rush
orson welles,2,Orson Welles
muse,2,Muse
nitty gritty dirt band,2,Nitty Gritty Dirt Band
paul mccartney & wings,2,Paul McCartney & Wings
patty griffin,2,Patty Griffin
ozomatli,2,Ozomatli
charles kuralt,2,Charles Kuralt
johnny mann singers,2,Johnny Mann Singers
kathy mattea,2,Kathy Mattea
kalani pe'a,2,Kalani Pe'a
k.t. oslin,2,K.T. Oslin
k.d. lang,2,k.d. lang
kris kristofferson & rita coolidge,2,Kris Kristofferson & Rita Coolidge
la mafia,2,La Mafia
kimbra,2,Kimbra
little joe & la familia,2,Little Joe & La Familia
lewis black,2,Lewis Black
m.c. hammer,2,M.C. Hammer
linda ronstadt & aaron neville,2,Linda Ronstadt & Aaron Neville
calexico and iron & wine,2,Calexico And Iron & Wine
branford marsalis quartet,2,Branford Marsalis Quartet
brave combo,2,Brave Combo
bobbie gentry,2,Bobbie Gentry
bob newhart,2,Bob Newhart
maria schneider orchestra,2,Maria Schneider Orchestra
mariachi divas de cindy shea,2,Mariachi Divas De Cindy Shea
louis c.k.,2,Louis C.K.
lucinda williams,2,Lucinda Williams
"natalie cole (with nat ""king"" cole)",2,"Natalie Cole (With Nat ""King"" Cole)"
bill harley,2,Bill Harley
mary mary,2,Mary Mary
marvin miller,2,Marvin Miller
michael brecker,2,Michael Brecker
mary youngblood,2,Mary Youngblood
mccoy tyner big band,2,McCoy Tyner Big Band
mavis staples,2,Mavis Staples
macklemore & ryan lewis,2,Macklemore & Ryan Lewis
bruce carroll,2,Bruce Carroll
chucho valdes,2,Chucho Valdés
cissy houston,2,Cissy Houston
ile,2,iLe
harry nilsson,2,Harry Nilsson
cassandra wilson,2,Cassandra Wilson
carpenters,2,Carpenters
chick corea & gary burton,2,Chick Corea & Gary Burton
israel houghton,2,Israel Houghton
john prine,2,John Prine
jon secada,2,Jon Secada
cachao,2,Cachao
jennifer holliday,2,Jennifer Holliday
jimmie vaughan,2,Jimmie Vaughan
jim dale,2,Jim Dale
janis ian,2,Janis Ian
jason crabb,2,Jason Crabb
edwin hawkins singers,2,Edwin Hawkins Singers
christian mcbride big band,2,Christian McBride Big Band
d.j. jazzy jeff & the fresh prince,2,D.J. Jazzy Jeff & The Fresh Prince
d'angelo,2,D'Angelo
esperanza spalding,2,Esperanza Spalding
dreamville,2,Dreamville
fugees,2,Fugees
ernie watts,2,Ernie Watts
herb alpert,2,Herb Alpert
david houston,2,David Houston
diane schuur,2,Diane Schuur
destiny's child,2,Destiny's Child
dave holland big band,2,Dave Holland Big Band
delbert mcclinton,2,Delbert McClinton
dee dee bridgewater,2,Dee Dee Bridgewater
david darling,2,David Darling
yebba,1,Yebba
alan copeland singers,1,Alan Copeland Singers
"alan menken & glenn slater, songwriters (mandy moore & zachary levi)",1,"Alan Menken & Glenn Slater, songwriters (Mandy Moore & Zachary Levi)"
"alan menken & stephen schwartz, songwriters (vanessa williams & judy kuhn)",1,"Alan Menken & Stephen Schwartz, songwriters (Vanessa Williams & Judy Kuhn)"
"alan menken & tim rice, songwriters (peabo bryson & regina belle)",1,"Alan Menken & Tim Rice, songwriters (Peabo Bryson & Regina Belle)"
alannah myles,1,Alannah Myles
albertina walker,1,Albertina Walker
(john lennon),1,(John Lennon)
(mormon tabernacle choir),1,(Mormon Tabernacle Choir)
(original broadway cast),1,(Original Broadway Cast)
(original cast),1,(Original Cast)
(sam cooke),1,(Sam Cooke)
(sesame street cast),1,(Sesame Street Cast)
(sesame street characters),1,(Sesame Street Characters)
walter ostanek band,1,Walter Ostanek Band
wanz,1,Wanz
warren zevon,1,Warren Zevon
cleo laine,1,Cleo Laine
clifton chenier & his red hot louisiana band,1,Clifton Chenier & His Red Hot Louisiana Band
"clint black, joe diffie, merle haggard, emmylou harris, alison krauss, patty loveless, earl scruggs, ricky skaggs, marty stuart, pam tillis, randy travis, travis tritt & dwight yoakam",1,"Clint Black, Joe Diffie, Merle Haggard, Emmylou Harris, Alison Krauss, Patty Loveless, Earl Scruggs, Ricky Skaggs, Marty Stuart, Pam Tillis, Randy Travis, Travis Tritt & Dwight Yoakam"
common,1,Common
young mc,1,Young MC
youssou n'dour,1,Youssou N'Dour
yusef lateef,1,Yusef Lateef
zac brown band,1,Zac Brown Band
zac brown band & alan jackson,1,Zac Brown Band & Alan Jackson
zach williams,1,Zach Williams
zappa plays zappa,1,Zappa Plays Zappa
(miles davis),1,(Miles Davis)
weather report,1,Weather Report
white sun,1,White Sun
whoopi goldberg,1,Whoopi Goldberg
wilco,1,Wilco
daca artists,1,DACA Artists
dafnis prieto big band,1,Dafnis Prieto Big Band
"damian ""jr. gong"" marley",1,"Damian ""Jr. Gong"" Marley"
"dan tyminski, harley allen & pat enright (the soggy bottom boys)",1,"Dan Tyminski, Harley Allen & Pat Enright (The Soggy Bottom Boys)"
dan zanes and friends,1,Dan Zanes And Friends
daniel tashian,1,Daniel Tashian
daniel winans,1,Daniel Winans
"darlene love, merry clayton, lisa fischer & judith hill",1,"Darlene Love, Merry Clayton, Lisa Fischer & Judith Hill"
dave alvin,1,Dave Alvin
dave grohl & various artists,1,Dave Grohl & Various Artists
dave matthews,1,Dave Matthews
david crosby,1,David Crosby
david holt,1,David Holt
clare fischer,1,Clare Fischer
"clarence ""gatemouth"" brown",1,"Clarence ""Gatemouth"" Brown"
claudia brant,1,Claudia Brant
dizzy gillespie,1,Dizzy Gillespie
doc watson & david holt,1,Doc Watson & David Holt
domenico modugno,1,Domenico Modugno
donald lawrence presents the tri -city singers,1,Donald Lawrence Presents The Tri -City Singers
donna fargo,1,Donna Fargo
"david lee garza, joel guzman & sunny sauceda",1,"David Lee Garza, Joel Guzman & Sunny Sauceda"
"david murray, mccoy tyner, pharoah sanders, cecil mcbee & roy haynes",1,"David Murray, McCoy Tyner, Pharoah Sanders, Cecil McBee & Roy Haynes"
david rose and his orchestra with andre previn,1,David Rose And His Orchestra With Andre Previn
david sanborn & bob james,1,David Sanborn & Bob James
david sanchez,1,David Sánchez
"david seville & the chipmunks (ross bagdasarian, sr.)",1,"David Seville & The Chipmunks (Ross Bagdasarian, Sr.)"
"david seville and the chipmunks (ross bagdasarian, sr.)",1,"David Seville And The Chipmunks (Ross Bagdasarian, Sr.)"
dazz band,1,Dazz Band
debby boone,1,Debby Boone
debby boone & phil driscoll,1,Debby Boone & Phil Driscoll
delbert mcclinton & self-made men + dana,1,Delbert McClinton & Self-Made Men + Dana
christian scott atunde adjuah,1,Christian Scott aTunde Adjuah
"christina aguilera, lil' kim, mya & pink",1,"Christina Aguilera, Lil' Kim, Mya & Pink"
"earl scruggs, glen duncan, randy scruggs, steve martin, vince gill, marty stuart, gary scruggs, albert lee, paul shaffer, jerry douglas & leon russell",1,"Earl Scruggs, Glen Duncan, Randy Scruggs, Steve Martin, Vince Gill, Marty Stuart, Gary Scruggs, Albert Lee, Paul Shaffer, Jerry Douglas & Leon Russell"
"earl scruggs, randy scruggs, vassar clements & jerry douglas",1,"Earl Scruggs, Randy Scruggs, Vassar Clements & Jerry Douglas"
eartha,1,Eartha
"earvin ""magic"" johnson & robert o'keefe",1,"Earvin ""Magic"" Johnson & Robert O'Keefe"
eddie blazonczyk's versatones,1,Eddie Blazonczyk's Versatones
eddie murphy,1,Eddie Murphy
edward r. murrow,1,Edward R. Murrow
edwin hawkins & the edwin hawkins singers,1,Edwin Hawkins & The Edwin Hawkins Singers
deva premal,1,Deva Premal
diamond rio,1,Diamond Rio
"diane warren, songwriter (celine dion)",1,"Diane Warren, songwriter (Celine Dion)"
digable planets,1,Digable Planets
dirty vegas,1,Dirty Vegas
dixie hummingbirds,1,Dixie Hummingbirds
dottie rambo,1,Dottie Rambo
dottie west,1,Dottie West
dr. john & rickie lee jones,1,Dr. John & Rickie Lee Jones
dr. john and the lower 911,1,Dr. John And The Lower 911
dudley moore & peter cook,1,Dudley Moore & Peter Cook
dwight yoakam,1,Dwight Yoakam
conway twitty & loretta lynn,1,Conway Twitty & Loretta Lynn
"corea, clarke & white",1,"Corea, Clarke & White"
cortelia clark,1,Cortelia Clark
"count basie orchestra; grover mitchell, director",1,"Count Basie Orchestra; Grover Mitchell, director"
crowder,1,Crowder
crystal gayle,1,Crystal Gayle
d'angelo and the vanguard,1,D'Angelo And The Vanguard
chip davis (mannheim steamroller),1,Chip Davis (Mannheim Steamroller)
chris perez band,1,Chris Perez Band
christian mcbride’s new jawn,1,Christian McBride’s New Jawn
frank solivan & dirty kitchen,1,Frank Solivan & Dirty Kitchen
frank yankovic,1,Frank Yankovic
freddie hubbard,1,Freddie Hubbard
freddy fender,1,Freddy Fender
el chapo,1,El Chapo
el guero y su banda centanario,1,El Güero Y Su Banda Centanario
"eldon shamblin, johnny gimble, chet atkins, vince gill, marty stuart & reuben ""lucky oceans"" gosfield",1,"Eldon Shamblin, Johnny Gimble, Chet Atkins, Vince Gill, Marty Stuart & Reuben ""Lucky Oceans"" Gosfield"
elizabeth cotten,1,Elizabeth Cotten
ella mai,1,Ella Mai
ellen degeneres,1,Ellen DeGeneres
emilio navaira,1,Emilio Navaira
emmylou harris & rodney crowell,1,Emmylou Harris & Rodney Crowell
emmylou harris & the nash ramblers,1,Emmylou Harris & The Nash Ramblers
eric alexandrakis,1,Eric Alexandrakis
erica campbell,1,Erica Campbell
eumir deodato,1,Eumir Deodato
george benson & al jarreau,1,George Benson & Al Jarreau
george benson (& al jarreau),1,George Benson (& Al Jarreau)
george beverly shea and the anita kerr singers,1,George Beverly Shea And The Anita Kerr Singers
george burns,1,George Burns
"george harrison, ravi shankar, bob dylan, leon russell, ringo starr, billy preston, eric clapton & klaus voormann",1,"George Harrison, Ravi Shankar, Bob Dylan, Leon Russell, Ringo Starr, Billy Preston, Eric Clapton & Klaus Voormann"
everett m. dirksen,1,Everett M. Dirksen
everlast,1,Everlast
eydie gorme,1,Eydie Gorme
eydie gorme & steve lawrence,1,Eydie Gorme & Steve Lawrence
fantasia,1,Fantasia
flatt and scruggs,1,Flatt And Scruggs
flight of the conchords,1,Flight Of The Conchords
flip wilson,1,Flip Wilson
flor de toloache,1,Flor De Toloache
frank foster,1,Frank Foster
frank sinatra and original cast,1,Frank Sinatra And Original Cast
"glen ballard & alan silvestri, songwriters (josh groban)",1,"Glen Ballard & Alan Silvestri, songwriters (Josh Groban)"
gordon goodwin's big phat band,1,Gordon Goodwin's Big Phat Band
gretchen wilson,1,Gretchen Wilson
grover mitchell,1,Grover Mitchell
grupo mania,1,Grupo Mania
"gulzar, a.r. rahman & tanvi shah, songwriters (a.r. rahman, sukhvinder singh, tanvi shah, mahalaxmi iyer & vijay prakash)",1,"Gulzar, A.R. Rahman & Tanvi Shah, songwriters (A.R. Rahman, Sukhvinder Singh, Tanvi Shah, Mahalaxmi Iyer & Vijay Prakash)"
guy clark,1,Guy Clark
gaither vocal band,1,Gaither Vocal Band
gale garnett,1,Gale Garnett
garrison keillor,1,Garrison Keillor
garth brooks,1,Garth Brooks
gary burton & chick corea,1,Gary Burton & Chick Corea
"gary burton, chick corea, pat metheny, roy haynes & dave holland",1,"Gary Burton, Chick Corea, Pat Metheny, Roy Haynes & Dave Holland"
gary s. paxton,1,Gary S. Paxton
gene moore,1,Gene Moore
genesis,1,Genesis
chet atkins & jerry reed,1,Chet Atkins & Jerry Reed
chet atkins & les paul,1,Chet Atkins & Les Paul
"helen hayes, orson welles, henry fonda & james earl jones",1,"Helen Hayes, Orson Welles, Henry Fonda & James Earl Jones"
helen reddy,1,Helen Reddy
"henry james townsend, joe willie ""pinetop"" perkins, robert lockwood, jr. & david ""honeyboy"" edwards",1,"Henry James Townsend, Joe Willie ""Pinetop"" Perkins, Robert Lockwood, Jr. & David ""Honeyboy"" Edwards"
henry rollins,1,Henry Rollins
"herbie hancock, michael brecker & roy hargrove",1,"Herbie Hancock, Michael Brecker & Roy Hargrove"
"herbie hancock, pink, india.arie, seal, konono no 1, jeff beck & oumou sangare",1,"Herbie Hancock, Pink, India.Arie, Seal, Konono No 1, Jeff Beck & Oumou Sangare"
george michael,1,George Michael
georgia anne muldrow,1,Georgia Anne Muldrow
gerald levert,1,Gerald Levert
gerry mulligan,1,Gerry Mulligan
gil evans & the monday night orchestra,1,Gil Evans & The Monday Night Orchestra
gilda radner,1,Gilda Radner
gilley's urban cowboy band,1,Gilley's Urban Cowboy Band
gipsy kings,1,Gipsy Kings
"hank williams, jr., & hank williams, sr.",1,"Hank Williams, Jr., & Hank Williams, Sr."
"hargus ""pig"" robbins",1,"Hargus ""Pig"" Robbins"
harry belafonte,1,Harry Belafonte
harry belafonte & miriam makeba,1,Harry Belafonte & Miriam Makeba
heather headley,1,Heather Headley
"christone ""kingfish"" ingram",1,"Christone ""Kingfish"" Ingram"
"christopher guest, eugene levy & michael mckean, songwriters (the folksmen, mitch & mickey, and the new main street singers)",1,"Christopher Guest, Eugene Levy & Michael McKean, songwriters (The Folksmen, Mitch & Mickey, And The New Main Street Singers)"
christopher reeve,1,Christopher Reeve
chubby carrier and the bayou swamp band,1,Chubby Carrier And The Bayou Swamp Band
chucho valdes and the afro-cuban messengers,1,Chucho Valdés And The Afro-Cuban Messengers
chuck mangione,1,Chuck Mangione
ciara & fat man scoop,1,Ciara & Fat Man Scoop
che apalache,1,Che Apalache
cheech & chong,1,Cheech & Chong
chente barrera y taconazo,1,Chente Barrera y Taconazo
cher,1,Cher
"james horner, barry mann & cynthia weil, songwriters (linda ronstadt & james ingram)",1,"James Horner, Barry Mann & Cynthia Weil, songwriters (Linda Ronstadt & James Ingram)"
james ingram & michael mcdonald,1,James Ingram & Michael McDonald
high on fire,1,High On Fire
hillary rodham clinton,1,Hillary Rodham Clinton
hillary scott & the scott family,1,Hillary Scott & The Scott Family
homer and jethro,1,Homer And Jethro
"howard ashman & alan menken, songwriters (celine dion & peabo bryson)",1,"Howard Ashman & Alan Menken, songwriters (Celine Dion & Peabo Bryson)"
"howard ashman & alan menken, songwriters (various artists)",1,"Howard Ashman & Alan Menken, songwriters (Various Artists)"
huey lewis & the news,1,Huey Lewis & The News
hugh jackman (& various artists),1,Hugh Jackman (& Various Artists)
ibrahim ferrer,1,Ibrahim Ferrer
ike turner,1,Ike Turner
india.arie & dobet gnahore,1,India.Arie & Dobet Gnahore
indigo girls,1,Indigo Girls
irakere,1,Irakere
israel & new breed,1,Israel & New Breed
jazzmeia horn,1,Jazzmeia Horn
jeannie c. riley,1,Jeannie C. Riley
jeannie seely,1,Jeannie Seely
"jeff beck, terry bozzio & tony hymas",1,"Jeff Beck, Terry Bozzio & Tony Hymas"
israel & newbreed,1,Israel & NewBreed
israel and new breed,1,Israel And New Breed
"israel lopez ""cachao""",1,"Israel López ""Cachao"""
"j.i.d, bas, j. cole, earthgang & young nudy",1,"J.I.D, Bas, J. Cole, EARTHGANG & Young Nudy"
j.s. ondara,1,J.S. Ondara
jack dejohnette,1,Jack DeJohnette
jaguares,1,Jaguares
james cleveland,1,James Cleveland
james cleveland & the charles fold singers,1,James Cleveland & The Charles Fold Singers
james cleveland & the southern california community choir,1,James Cleveland & The Southern California Community Choir
james cotton,1,James Cotton
"james horner & will jennings, songwriters (celine dion)",1,"James Horner & Will Jennings, songwriters (Celine Dion)"
jamiroquai,1,Jamiroquai
jan hammer,1,Jan Hammer
chet atkins & merle travis,1,Chet Atkins & Merle Travis
chick corea & john mclaughlin five peace band,1,Chick Corea & John McLaughlin Five Peace Band
chick corea & return to forever,1,Chick Corea & Return To Forever
chick corea & the spanish heart band,1,Chick Corea & The Spanish Heart Band
chick corea akoustic band,1,Chick Corea Akoustic Band
chick corea trio,1,Chick Corea Trio
carrie fisher,1,Carrie Fisher
catherine russell,1,Catherine Russell
cathy fink and marcy marxer,1,Cathy Fink And Marcy Marxer
cece & bebe winans,1,CeCe & BeBe Winans
jason isbell,1,Jason Isbell
jason isbell and the 400 unit,1,Jason Isbell And The 400 Unit
jazmine sullivan,1,Jazmine Sullivan
jazz at lincoln center orchestra with wynton marsalis,1,Jazz At Lincoln Center Orchestra With Wynton Marsalis
joe lovano,1,Joe Lovano
"joe pass, oscar peterson & niels pedersen",1,"Joe Pass, Oscar Peterson & Niels Pedersen"
jeff lorber fusion,1,Jeff Lorber Fusion
jennifer gasoi,1,Jennifer Gasoi
jennifer hudson,1,Jennifer Hudson
jennifer warnes & bill medley,1,Jennifer Warnes & Bill Medley
jerry reed,1,Jerry Reed
jerry reed & chet atkins,1,Jerry Reed & Chet Atkins
jesse jackson,1,Jesse Jackson
jim gaffigan,1,Jim Gaffigan
jim lauderdale,1,Jim Lauderdale
"jim lauderdale, ralph stanley & the clinch mountain boys",1,"Jim Lauderdale, Ralph Stanley & The Clinch Mountain Boys"
"jimmie vaughan, eric clapton, bonnie raitt, robert cray, b.b. king, buddy guy, dr. john & art neville",1,"Jimmie Vaughan, Eric Clapton, Bonnie Raitt, Robert Cray, B.B. King, Buddy Guy, Dr. John & Art Neville"
jimmy dean,1,Jimmy Dean
james moody,1,James Moody
james whitmore,1,James Whitmore
john gielgud,1,John Gielgud
"john hammond, stevie ray vaughan & double trouble, sugar blue, koko taylor & the blues machine, luther ""guitar junior"" johnson, j.b. hutto & the new hawks",1,"John Hammond, Stevie Ray Vaughan & Double Trouble, Sugar Blue, Koko Taylor & The Blues Machine, Luther ""Guitar Junior"" Johnson, J.B. Hutto & The New Hawks"
john waters,1,John Waters
johnny cash & june carter,1,Johnny Cash & June Carter
johnny cash and june carter,1,Johnny Cash And June Carter
jimmy gonzalez y el grupo mazz,1,Jimmy Gonzalez y El Grupo Mazz
jimmy page & robert plant,1,Jimmy Page & Robert Plant
jj cale & eric clapton,1,JJ Cale & Eric Clapton
jo-el sonnier,1,Jo-EL Sonnier
joan rivers,1,Joan Rivers
joaquin phoenix & various artists,1,Joaquin Phoenix & Various Artists
jobim,1,Jobim
jody miller,1,Jody Miller
joe harnell,1,Joe Harnell
joe henderson,1,Joe Henderson
joe henderson big band,1,Joe Henderson Big Band
jon stewart and the cast of the daily show,1,Jon Stewart And The Cast Of The Daily Show
jonah jones,1,Jonah Jones
jonathan & darlene edwards (jo stafford and paul weston),1,Jonathan & Darlene Edwards (Jo Stafford And Paul Weston)
jonathan winters,1,Jonathan Winters
jonny lang,1,Jonny Lang
jontavious willis,1,Jontavious Willis
joe simon,1,Joe Simon
joe williams,1,Joe Williams
joe zawinul & the zawinul syndicate,1,Joe Zawinul & The Zawinul Syndicate
joey defrancesco,1,Joey DeFrancesco
joey+rory,1,Joey+Rory
john barry & bob wilber,1,John Barry & Bob Wilber
john cougar mellencamp,1,John Cougar Mellencamp
john daversa big band,1,John Daversa Big Band
"john flansburgh & john linnell, songwriters (they might be giants)",1,"John Flansburgh & John Linnell, songwriters (They Might Be Giants)"
john fogerty,1,John Fogerty
jon cleary,1,Jon Cleary
jon samson,1,Jon Samson
cee lo green,1,Cee Lo Green
cee lo green & melanie fiona,1,Cee Lo Green & Melanie Fiona
celine dion & peabo bryson,1,Celine Dion & Peabo Bryson
chaka khan & the funk brothers,1,Chaka Khan & The Funk Brothers
chamillionaire,1,Chamillionaire
charles laughton,1,Charles Laughton
charlie mccoy,1,Charlie McCoy
"bryan adams, michael kamen & robert john ""mutt"" lange, songwriters (bryan adams)",1,"Bryan Adams, Michael Kamen & Robert John ""Mutt"" Lange, songwriters (Bryan Adams)"
buck howdy,1,Buck Howdy
buckwheat zydeco,1,Buckwheat Zydeco
burl ives,1,Burl Ives
cafe tacuba,1,Café Tacuba
cal tjader,1,Cal Tjader
"jon stewart (with samantha bee, wyatt cenac, jason jones, john oliver & sigourney weaver)",1,"Jon Stewart (With Samantha Bee, Wyatt Cenac, Jason Jones, John Oliver & Sigourney Weaver)"
"lambert, hendricks and ross",1,"Lambert, Hendricks And Ross"
jose lugo & guasabara combo,1,Jose Lugo & Guasábara Combo
joseph habedank,1,Joseph Habedank
joshua redman quartet,1,Joshua Redman Quartet
judy collins,1,Judy Collins
julian marley,1,Julian Marley
julie andrews & emma walton hamilton,1,Julie Andrews & Emma Walton Hamilton
julie harris,1,Julie Harris
karen clark sheard,1,Karen Clark Sheard
karen o & danger mouse,1,Karen O & Danger Mouse
karl bohm & hermione gingold,1,Karl Bohm & Hermione Gingold
kathy griffin,1,Kathy Griffin
"johnny cash, carl perkins, jerry lee lewis, roy orbison, sam phillips, rick nelson & chips moman",1,"Johnny Cash, Carl Perkins, Jerry Lee Lewis, Roy Orbison, Sam Phillips, Rick Nelson & Chips Moman"
johnny horton,1,Johnny Horton
johnny whitehorse,1,Johnny Whitehorse
johnny winter,1,Johnny Winter
lee greenwood,1,Lee Greenwood
les crane,1,Les Crane
les paul,1,Les Paul
les paul & friends,1,Les Paul & Friends
lettuce,1,Lettuce
levar burton,1,LeVar Burton
ken burns,1,Ken Burns
"kendrick lamar, jay rock, future & james blake",1,"Kendrick Lamar, Jay Rock, Future & James Blake"
killer mike,1,Killer Mike
king curtis,1,King Curtis
kirk franklin & the family,1,Kirk Franklin & The Family
"kristen anderson-lopez & robert lopez, songwriters (idina menzel)",1,"Kristen Anderson-Lopez & Robert Lopez, songwriters (Idina Menzel)"
kurt elling,1,Kurt Elling
la energia nortena,1,La Energia Norteña
la santa cecilia,1,La Santa Cecilia
lalah hathaway & malcolm-jamal warner,1,Lalah Hathaway & Malcolm-Jamal Warner
brecker brothers,1,Brecker Brothers
lisa loeb,1,Lisa Loeb
little joe,1,Little Joe
little joe y la familia,1,Little Joe Y La Familia
"lonnie lynn, che smith & john stephens, songwriters (common & john legend)",1,"Lonnie Lynn, Che Smith & John Stephens, songwriters (Common & John Legend)"
lorde,1,Lorde
los angeles guitar quartet,1,Los Angeles Guitar Quartet
los lonely boys,1,Los Lonely Boys
lani hall,1,Lani Hall
larkin poe,1,Larkin Poe
larry carlton,1,Larry Carlton
larry carlton & mike post,1,Larry Carlton & Mike Post
larry carlton & steve lukather,1,Larry Carlton & Steve Lukather
larry carlton & tak matsumoto,1,Larry Carlton & Tak Matsumoto
larry hart,1,Larry Hart
le'andria johnson,1,Le'Andria Johnson
lynn anderson,1,Lynn Anderson
lila downs,1,Lila Downs
lily tomlin,1,Lily Tomlin
"lin-manuel miranda, songwriter (auli'i cravalho)",1,"Lin-Manuel Miranda, songwriter (Auli'i Cravalho)"
lisa fischer,1,Lisa Fischer
cannonball adderley quintet,1,Cannonball Adderley Quintet
caribbean jazz project,1,Caribbean Jazz Project
carl jackson & john starling (with the nash ramblers),1,Carl Jackson & John Starling (With The Nash Ramblers)
carl sandburg,1,Carl Sandburg
carlos santana,1,Carlos Santana
"carly simon, songwriter (carly simon)",1,"Carly Simon, songwriter (Carly Simon)"
carol burnett,1,Carol Burnett
bootsy collins,1,Bootsy Collins
boris karloff,1,Boris Karloff
"brad paisley, james burton, vince gill, john jorgenson, albert lee, brent mason, redd volkaert & steve wariner",1,"Brad Paisley, James Burton, Vince Gill, John Jorgenson, Albert Lee, Brent Mason, Redd Volkaert & Steve Wariner"
branford marsalis,1,Branford Marsalis
marcus miller,1,Marcus Miller
mariachi divas,1,Mariachi Divas
mariachi los camperos,1,Mariachi Los Camperos
mariachi los camperos de nati cano,1,Mariachi Los Camperos de Nati Cano
"marilyn mccoo & billy davis, jr.",1,"Marilyn McCoo & Billy Davis, Jr."
mark guiliana,1,Mark Guiliana
los palominos,1,Los Palominos
los super seven,1,Los Super Seven
los texmaniacs,1,Los Texmaniacs
lost bayou ramblers,1,Lost Bayou Ramblers
loudon wainwright iii,1,Loudon Wainwright III
"lucas richman, various artists & the royal philharmonic orchestra",1,"Lucas Richman, Various Artists & The Royal Philharmonic Orchestra"
lucy kalantari & the jazz cats,1,Lucy Kalantari & The Jazz Cats
luis enrique + c4 trio,1,Luis Enrique + C4 Trio
luis miguel & sheena easton,1,Luis Miguel & Sheena Easton
lupe fiasco,1,Lupe Fiasco
mamadou diabate,1,Mamadou Diabate
mamas and the papas,1,Mamas And The Papas
brian lynch big band,1,Brian Lynch Big Band
brian wilson,1,Brian Wilson
brittany howard,1,Brittany Howard
brooks & dunn with luke combs,1,Brooks & Dunn With Luke Combs
brothers johnson,1,Brothers Johnson
brothers osborne,1,Brothers Osborne
bruce hornsby & branford marsalis,1,Bruce Hornsby & Branford Marsalis
"bruce springsteen, songwriter (bruce springsteen)",1,"Bruce Springsteen, songwriter (Bruce Springsteen)"
blues traveler,1,Blues Traveler
bob james & earl klugh,1,Bob James & Earl Klugh
bob mintzer big band,1,Bob Mintzer Big Band
bob seger & the silver bullet band,1,Bob Seger & The Silver Bullet Band
bobby bare,1,Bobby Bare
mandisa,1,Mandisa
metallica & michael kamen,1,Metallica & Michael Kamen
mfsb,1,MFSB
michael brecker quindectet,1,Michael Brecker Quindectet
michael hedges,1,Michael Hedges
michael j. fox,1,Michael J. Fox
mark isham,1,Mark Isham
marlow rosado y la riquena,1,Marlow Rosado Y La Riqueña
martin luther king jr.,1,Martin Luther King Jr.
marty robbins,1,Marty Robbins
marty stuart,1,Marty Stuart
marvin hamlisch,1,Marvin Hamlisch
marvin winans,1,Marvin Winans
mason williams,1,Mason Williams
"max martin, shellback & justin timberlake, songwriters (justin timberlake, anna kendrick, gwen stefani, james corden, zooey deschanel, walt dohrn, ron funches, caroline hjelt, aino jawo, christopher mintz-plasse & kunal nayyar)",1,"Max Martin, Shellback & Justin Timberlake, songwriters (Justin Timberlake, Anna Kendrick, Gwen Stefani, James Corden, Zooey Deschanel, Walt Dohrn, Ron Funches, Caroline Hjelt, Aino Jawo, Christopher Mintz-Plasse & Kunal Nayyar)"
machito,1,Machito
"madonna & william orbit, songwriters (madonna)",1,"Madonna & William Orbit, songwriters (Madonna)"
miho hazama,1,Miho Hazama
mike farris,1,Mike Farris
mike holober & the gotham jazz orchestra,1,Mike Holober & The Gotham Jazz Orchestra
mike nichols and elaine may,1,Mike Nichols And Elaine May
mingus big band,1,Mingus Big Band
"missy ""misdemeanor"" elliott",1,"Missy ""Misdemeanor"" Elliott"
mongo santamaria,1,Mongo Santamaria
mccoy tyner trio & michael brecker,1,McCoy Tyner Trio & Michael Brecker
"mccoy tyner with gary bartz, terence blanchard, christian mcbride & lewis nash",1,"McCoy Tyner With Gary Bartz, Terence Blanchard, Christian McBride & Lewis Nash"
meat loaf,1,Meat Loaf
meek mill,1,Meek Mill
mel brooks & carl reiner,1,Mel Brooks & Carl Reiner
mel brooks (various artists including nathan lane & matthew broderick),1,Mel Brooks (Various Artists Including Nathan Lane & Matthew Broderick)
melissa manchester,1,Melissa Manchester
"melle mel, ice-t, big daddy kane, kool moe dee, quincy jones & quincy d. iii",1,"Melle Mel, Ice-T, Big Daddy Kane, Kool Moe Dee, Quincy Jones & Quincy D. III"
mercer ellington,1,Mercer Ellington
"natalie cole (& nat ""king"" cole)",1,"Natalie Cole (& Nat ""King"" Cole)"
nathalie joachim with spektral quartet,1,Nathalie Joachim With Spektral Quartet
neela vaswani,1,Neela Vaswani
"nelly, p. diddy & murphy lee",1,"Nelly, P. Diddy & Murphy Lee"
neville brothers,1,Neville Brothers
new orleans jazz orchestra,1,New Orleans Jazz Orchestra
new vaudeville band,1,New Vaudeville Band
nipsey hussle,1,Nipsey Hussle
michael kamen,1,Michael Kamen
michael nesmith,1,Michael Nesmith
"michel camilo with charles flores & horacio ""el negro"" hernandez",1,"Michel Camilo With Charles Flores & Horacio ""El Negro"" Hernandez"
michel legrand & phil woods,1,Michel Legrand & Phil Woods
michelle obama,1,Michelle Obama
mickey hart,1,Mickey Hart
"mickey hart, zakir hussain, sikiru adepoju & giovanni hidalgo",1,"Mickey Hart, Zakir Hussain, Sikiru Adepoju & Giovanni Hidalgo"
miguel zenon,1,Miguel Zenón
"mumford & sons, edward sharpe & the magnetic zeros & old crow medicine show",1,"Mumford & Sons, Edward Sharpe & The Magnetic Zeros & Old Crow Medicine Show"
mylon lefevre & broken heart,1,Mylon LeFevre & Broken Heart
nanci griffith,1,Nanci Griffith
nashville brass with danny davis,1,Nashville Brass With Danny Davis
"nat ""king"" cole",1,"Nat ""King"" Cole"
bobby mcferrin & jack nicholson,1,Bobby McFerrin & Jack Nicholson
bobby mcferrin & jon hendricks,1,Bobby McFerrin & Jon Hendricks
bokante & metropole orkest conducted by jules buckley,1,Bokanté & Metropole Orkest Conducted By Jules Buckley
bones uk,1,Bones UK
bonnie raitt & delbert mcclinton,1,Bonnie Raitt & Delbert McClinton
booker t & the mg's,1,Booker T & The MG's
"bilal, anna wise & thundercat",1,"Bilal, Anna Wise & Thundercat"
bill & gloria gaither & the homecoming friends,1,Bill & Gloria Gaither & The Homecoming Friends
bill & gloria gaither & their homecoming friends,1,Bill & Gloria Gaither & Their Homecoming Friends
bill clinton,1,Bill Clinton
"bill clinton, mikhail gorbachev & sophia loren (kent nagano; russian national orchestra)",1,"Bill Clinton, Mikhail Gorbachev & Sophia Loren (Kent Nagano; Russian National Orchestra)"
patty loveless,1,Patty Loveless
paul avgerinos,1,Paul Avgerinos
paul mccoy,1,Paul McCoy
nipsey hussle & john legend,1,Nipsey Hussle & John Legend
nitty gritty dirt band & bruce hornsby,1,Nitty Gritty Dirt Band & Bruce Hornsby
norman brown,1,Norman Brown
norman luboff choir,1,Norman Luboff Choir
northern cree,1,Northern Cree
o'connor band with mark o'connor,1,O'Connor Band With Mark O'Connor
ok go,1,OK Go
opium moon,1,Opium Moon
original cast,1,Original Cast
oscar peterson trio,1,Oscar Peterson Trio
ossie davis & ruby dee,1,Ossie Davis & Ruby Dee
otis rush,1,Otis Rush
morgan heritage,1,Morgan Heritage
bela fleck & johnny gimble,1,Béla Fleck & Johnny Gimble
"bela fleck, edgar meyer, joshua bell, john williams & evelyn glennie",1,"Béla Fleck, Edgar Meyer, Joshua Bell, John Williams & Evelyn Glennie"
percy faith & his orchestra,1,Percy Faith & His Orchestra
percy faith orchestra and chorus,1,Percy Faith Orchestra And Chorus
pete seeger with the rivertown kids and friends,1,Pete Seeger With The Rivertown Kids And Friends
"peter gabriel & thomas newman, songwriters (peter gabriel)",1,"Peter Gabriel & Thomas Newman, songwriters (Peter Gabriel)"
peter nero,1,Peter Nero
"peter schickele, narrator; the chestnut brass company",1,"Peter Schickele, narrator; The Chestnut Brass Company"
pablo ziegler trio,1,Pablo Ziegler Trio
pacific mambo orchestra,1,Pacific Mambo Orchestra
paquito d'rivera,1,Paquito D'Rivera
paquito d'rivera and trio corrente,1,Paquito D'Rivera And Trio Corrente
paquito d'rivera quintet?,1,Paquito D'Rivera Quintet?
pat metheny unity band,1,Pat Metheny Unity Band
patrick stewart,1,Patrick Stewart
patti page,1,Patti Page
porter wagoner and the blackwood brothers,1,Porter Wagoner And The Blackwood Brothers
paul winter,1,Paul Winter
paul winter & friends,1,Paul Winter & Friends
paula abdul,1,Paula Abdul
peabo bryson & regina belle,1,Peabo Bryson & Regina Belle
pentatonix,1,Pentatonix
billy childs,1,Billy Childs
billy may,1,Billy May
billy paul,1,Billy Paul
black eagle,1,Black Eagle
"black keys, the",1,"Black Keys, The"
black:guayaba,1,Black:Guayaba
bebo valdes,1,Bebo Valdés
bebo valdes and chucho valdes,1,Bebo Valdés And Chucho Valdés
"bebo valdes trio with israel lopez ""cachao"" & carlos ""patato"" valdes",1,"Bebo Valdés Trio With Israel López ""Cachao"" & Carlos ""Patato"" Valdés"
bela fleck & abigail washburn,1,Béla Fleck & Abigail Washburn
ramon ayala y sus bravos del norte,1,Ramón Ayala y Sus Bravos Del Norte
ramsey lewis trio,1,Ramsey Lewis Trio
"randy brecker with michael brecker, jim beard, will lee, peter erskine, marcio doctor & vince mendoza conducting the wdr big band koln",1,"Randy Brecker With Michael Brecker, Jim Beard, Will Lee, Peter Erskine, Marcio Doctor & Vince Mendoza conducting The WDR Big Band Köln"
"randy brecker, włodek pawlik trio & kalisz philharmonic",1,"Randy Brecker, Włodek Pawlik Trio & Kalisz Philharmonic"
"peter ustinov (herbert von karajan, cond.)",1,"Peter Ustinov (Herbert von Karajan, cond.)"
"phil collins & lamont dozier, songwriters (phil collins)",1,"Phil Collins & Lamont Dozier, songwriters (Phil Collins)"
phil woods,1,Phil Woods
phil woods quartet,1,Phil Woods Quartet
philip bailey,1,Philip Bailey
phoenix,1,Phoenix
pinetop perkins & willie 'big eyes' smith,1,Pinetop Perkins & Willie 'Big Eyes' Smith
pink,1,Pink
pistol annies,1,Pistol Annies
poncho sanchez,1,Poncho Sanchez
pops staples,1,Pops Staples
porter wagoner & the blackwood brothers,1,Porter Wagoner & The Blackwood Brothers
ray conniff singers,1,Ray Conniff Singers
ray lamontagne and the pariah dogs,1,Ray LaMontagne And The Pariah Dogs
"ray parker, jr.",1,"Ray Parker, Jr."
ray stevens,1,Ray Stevens
reba mcentire & linda davis,1,Reba McEntire & Linda Davis
"reba rambo, dony mcguire, b.j. thomas, andrae crouch, walter hawkins, tramaine hawkins, cynthia clawson, the archers",1,"Reba Rambo, Dony McGuire, B.J. Thomas, Andrae Crouch, Walter Hawkins, Tramaine Hawkins, Cynthia Clawson, The Archers"
residente,1,Residente
rhiannon giddens with francesco turrisi,1,Rhiannon Giddens with Francesco Turrisi
porter wagoner and the blackwood brothers quartet,1,Porter Wagoner And The Blackwood Brothers Quartet
portugal. the man,1,Portugal. The Man
professor longhair,1,Professor Longhair
puff daddy & the family,1,Puff Daddy & The Family
queen ida,1,Queen Ida
quetzal,1,Quetzal
quincy jones (and various artists),1,Quincy Jones (And Various Artists)
"r. kelly, songwriter (r. kelly)",1,"R. Kelly, songwriter (R. Kelly)"
b.b. king & friends,1,B.B. King & Friends
baha men,1,Baha Men
barack obama,1,Barack Obama
barbara bailey hutchison,1,Barbara Bailey Hutchison
ricky skaggs & the whites,1,Ricky Skaggs & The Whites
ricky skaggs and kentucky thunder,1,Ricky Skaggs And Kentucky Thunder
"ricky skaggs, steve wariner & vince gill",1,"Ricky Skaggs, Steve Wariner & Vince Gill"
rita moreno & bill cosby,1,Rita Moreno & Bill Cosby
rob mcconnell & the boss brass,1,Rob McConnell & The Boss Brass
"robert cray, albert collins & johnny copeland",1,"Robert Cray, Albert Collins & Johnny Copeland"
"randy newman, songwriter (james taylor)",1,"Randy Newman, songwriter (James Taylor)"
"randy newman, songwriter (randy newman)",1,"Randy Newman, songwriter (Randy Newman)"
"randy newman, songwriter (sarah mclachlan)",1,"Randy Newman, songwriter (Sarah McLachlan)"
randy scruggs,1,Randy Scruggs
randy scruggs & vince gill,1,Randy Scruggs & Vince Gill
ranky tanky,1,Ranky Tanky
richard harris,1,Richard Harris
richard kaufman,1,Richard Kaufman
rick springfield,1,Rick Springfield
rickie lee jones,1,Rickie Lee Jones
ricky kej & wouter kellerman,1,Ricky Kej & Wouter Kellerman
belafonte folk singers,1,Belafonte Folk Singers
ben harper,1,Ben Harper
ben harper & the blind boys of alabama,1,Ben Harper & The Blind Boys Of Alabama
ben harper with charlie musselwhite,1,Ben Harper With Charlie Musselwhite
ben kingsley,1,Ben Kingsley
bent fabric,1,Bent Fabric
betty carter,1,Betty Carter
betty white,1,Betty White
big thief,1,Big Thief
aymee nuviola,1,Aymée Nuviola
aziz ansari,1,Aziz Ansari
sam and dave,1,Sam And Dave
sam kinison,1,Sam Kinison
sammi smith,1,Sammi Smith
sandi patti & deniece williams,1,Sandi Patti & Deniece Williams
robert randolph & the family band,1,Robert Randolph & The Family Band
robin williams & ry cooder,1,Robin Williams & Ry Cooder
rockin' sidney,1,Rockin' Sidney
rod mckuen,1,Rod McKuen
rodney dangerfield,1,Rodney Dangerfield
"ron carter, herbie hancock, wallace roney, wayne shorter & tony williams",1,"Ron Carter, Herbie Hancock, Wallace Roney, Wayne Shorter & Tony Williams"
ronnie milsap & kenny rogers,1,Ronnie Milsap & Kenny Rogers
roy clark,1,Roy Clark
roy hargrove's crisol,1,Roy Hargrove's Crisol
roy orbison & k.d. lang,1,Roy Orbison & k.d. lang
rhonda vincent and the rage,1,Rhonda Vincent And The Rage
richard burton,1,Richard Burton
shelley berman,1,Shelley Berman
shenandoah & alison krauss,1,Shenandoah & Alison Krauss
shirley caesar & al green,1,Shirley Caesar & Al Green
shirley horn,1,Shirley Horn
si zentner,1,Si Zentner
sidney poitier,1,Sidney Poitier
"siedah garrett & henry krieger, songwriters (jennifer hudson)",1,"Siedah Garrett & Henry Krieger, songwriters (Jennifer Hudson)"
ruben ramos & the mexican revolution,1,Ruben Ramos & The Mexican Revolution
rufus,1,Rufus
rufus & chaka khan,1,Rufus & Chaka Khan
ruth brown,1,Ruth Brown
ry cooder,1,Ry Cooder
ry cooder & manuel galban,1,Ry Cooder & Manuel Galbán
ry cooder & v.m. bhatt,1,Ry Cooder & V.M. Bhatt
"ryan bingham & t bone burnett, songwriters (ryan bingham)",1,"Ryan Bingham & T Bone Burnett, songwriters (Ryan Bingham)"
salt-n-pepa,1,Salt-N-Pepa
aretha franklin & mary j. blige (featuring the harlem boys choir),1,Aretha Franklin & Mary J. Blige (Featuring The Harlem Boys Choir)
arjona,1,Arjona
arrested development,1,Arrested Development
snarky puppy & metropole orkest,1,Snarky Puppy & Metropole Orkest
snarky puppy with lalah hathaway,1,Snarky Puppy With Lalah Hathaway
soeur sourire,1,Soeur Sourire
solange,1,Solange
solido,1,Solido
sonny rollins,1,Sonny Rollins
southern avenue,1,Southern Avenue
sandra crouch,1,Sandra Crouch
santana & michelle branch,1,Santana & Michelle Branch
sara gazarek,1,Sara Gazarek
sekou andrews (& the string theory),1,Sekou Andrews (& The String Theory)
senator barack obama,1,Senator Barack Obama
shel silverstein,1,Shel Silverstein
silver convention,1,Silver Convention
sir mix-a-lot,1,Sir Mix-A-Lot
sly & robbie & roots radics,1,Sly & Robbie & Roots Radics
sly and robbie,1,Sly And Robbie
smokie norful,1,Smokie Norful
snarky puppy,1,Snarky Puppy
barbara mandrell,1,Barbara Mandrell
barbara mandrell & bobby jones,1,Barbara Mandrell & Bobby Jones
basement jaxx,1,Basement Jaxx
"beau bridges, cynthia nixon & blair underwood",1,"Beau Bridges, Cynthia Nixon & Blair Underwood"
beausoleil,1,BeauSoleil
beausoleil & michael doucet,1,BeauSoleil & Michael Doucet
"annie lennox, howard shore & fran walsh, songwriters (annie lennox)",1,"Annie Lennox, Howard Shore & Fran Walsh, songwriters (Annie Lennox)"
april stevens and nino tempo,1,April Stevens And Nino Tempo
arcade fire,1,Arcade Fire
aretha franklin & george michael,1,Aretha Franklin & George Michael
terri lyne carrington,1,Terri Lyne Carrington
terri lyne carrington & various artists,1,Terri Lyne Carrington & Various Artists
texas tornados,1,Texas Tornados
thad jones & mel lewis,1,Thad Jones & Mel Lewis
stan freberg,1,Stan Freberg
"sterling holloway, sebastian cabot & paul winchell",1,"Sterling Holloway, Sebastian Cabot & Paul Winchell"
steve gadd band,1,Steve Gadd Band
steve goodman,1,Steve Goodman
steve lacy,1,Steve Lacy
steve mandell & eric weissberg,1,Steve Mandell & Eric Weissberg
steve vai & napoleon murphy brock,1,Steve Vai & Napoleon Murphy Brock
steve wariner,1,Steve Wariner
stevie wonder & take 6,1,Stevie Wonder & Take 6
sugaray rayford,1,Sugaray Rayford
supersax,1,Supersax
switchfoot,1,Switchfoot
the charlie daniels band,1,The Charlie Daniels Band
the chieftains & van morrison,1,The Chieftains & Van Morrison
the civil wars),1,The Civil Wars)
the clare fischer latin jazz big band,1,The Clare Fischer Latin Jazz Big Band
the delfonics,1,The Delfonics
the derek trucks band,1,The Derek Trucks Band
the earls of leicester,1,The Earls Of Leicester
"t bone burnett, taylor swift, john paul white & joy williams, songwriters (taylor swift",1,"T Bone Burnett, Taylor Swift, John Paul White & Joy Williams, songwriters (Taylor Swift"
taj mahal & the phantom blues band,1,Taj Mahal & The Phantom Blues Band
tanya goodman,1,Tanya Goodman
taron egerton,1,Taron Egerton
tasha cobbs,1,Tasha Cobbs
ted nash big band,1,Ted Nash Big Band
tedeschi trucks band,1,Tedeschi Trucks Band
terence trent d'arby,1,Terence Trent D'arby
terraza big band,1,Terraza Big Band
the art of noise,1,The Art Of Noise
the bob florence limited edition,1,The Bob Florence Limited Edition
the brian lynch/eddie palmieri project,1,The Brian Lynch/Eddie Palmieri Project
art blakey & the jazz messengers,1,Art Blakey & The Jazz Messengers
art linkletter & diane linkletter,1,Art Linkletter & Diane Linkletter
arturo o'farrill & the afro latin jazz orchestra,1,Arturo O'Farrill & The Afro Latin Jazz Orchestra
arturo o'farrill & the afro-latin jazz orchestra,1,Arturo O'Farrill & The Afro-Latin Jazz Orchestra
asleep at the wheel & lyle lovett,1,Asleep At The Wheel & Lyle Lovett
audrey hepburn,1,Audrey Hepburn
ali farka toure & ry cooder,1,Ali Farka Toure & Ry Cooder
alison krauss & the cox family,1,Alison Krauss & The Cox Family
all-4-one,1,All-4-One
allan sherman,1,Allan Sherman
alphabet rockers,1,Alphabet Rockers
altin gun,1,Altin Gün
the carters,1,The Carters
the stanley clarke band,1,The Stanley Clarke Band
the temptations & paul riser,1,The Temptations & Paul Riser
the tonight show band with doc severinsen,1,The Tonight Show Band With Doc Severinsen
the tony rich project,1,The Tony Rich Project
the funk brothers & (various artists),1,The Funk Brothers & (Various Artists)
the gaither vocal band,1,The Gaither Vocal Band
"the jordanaires, larry ford & the light crust doughboys",1,"The Jordanaires, Larry Ford & The Light Crust Doughboys"
the kendalls,1,The Kendalls
the kentucky headhunters,1,The Kentucky Headhunters
the king's singers,1,The King's Singers
the klezmatics,1,The Klezmatics
the legends,1,The Legends
the mars volta,1,The Mars Volta
the masters v,1,The Masters V
"thalma de freitas with vitor goncalves, john patitucci, chico pinheiro, rogerio boccato & duduka da fonseca",1,"Thalma de Freitas With Vitor Gonçalves, John Patitucci, Chico Pinheiro, Rogerio Boccato & Duduka Da Fonseca"
that was the week that was (cast),1,That Was The Week That Was (Cast)
the new christy minstrels,1,The New Christy Minstrels
the new south,1,The New South
amazing rhythm aces,1,Amazing Rhythm Aces
amy hanaiali’i,1,Amy Hānaiali’i
anat cohen tentet,1,Anat Cohen Tentet
angelo badalamenti,1,Angelo Badalamenti
anita baker & the winans,1,Anita Baker & The Winans
"(uta hagen, arthur hill, george grizzard & melinda dillon)",1,"(Uta Hagen, Arthur Hill, George Grizzard & Melinda Dillon)"
2+2 plus,1,2+2 Plus
aaron neville & trisha yearwood,1,Aaron Neville & Trisha Yearwood
"adele adkins & paul epworth, songwriters (adele)",1,"Adele Adkins & Paul Epworth, songwriters (Adele)"
aida cuevas,1,Aida Cuevas
"al bunetta, dan einstein & hank neuberger, producers; (arlo guthrie, john hartford, richie havens, bonnie koloc, nitty gritty dirt band, john prine and others)",1,"Al Bunetta, Dan Einstein & Hank Neuberger, producers; (Arlo Guthrie, John Hartford, Richie Havens, Bonnie Koloc, Nitty Gritty Dirt Band, John Prine and Others)"
the oscar peterson trio,1,The Oscar Peterson Trio
the phil woods quartet,1,The Phil Woods Quartet
the po’ ramblin’ boys,1,The Po’ Ramblin’ Boys
tye tribbett,1,Tye Tribbett
usa for africa (various artists),1,USA For Africa (Various Artists)
the vanguard jazz orchestra,1,The Vanguard Jazz Orchestra
the war on drugs,1,The War On Drugs
the wayne shorter quartet,1,The Wayne Shorter Quartet
them crooked vultures,1,Them Crooked Vultures
theo croker,1,Theo Croker
they might be giants,1,They Might Be Giants
tia carrere,1,Tia Carrere
tia carrere & daniel ho,1,Tia Carrere & Daniel Ho
tierney sutton band,1,Tierney Sutton Band
tim kubart,1,Tim Kubart
tim menzies,1,Tim Menzies
the mavericks,1,The Mavericks
the monks of sherab ling monastery,1,The Monks Of Sherab Ling Monastery
the muppets,1,The Muppets
warren zevon & bruce springsteen,1,Warren Zevon & Bruce Springsteen
waylon jennings & the kimberlys,1,Waylon Jennings & The Kimberlys
wayne shorter quartet,1,Wayne Shorter Quartet
"wayne toups, steve riley & wilson savoy",1,"Wayne Toups, Steve Riley & Wilson Savoy"
tom petty & the heartbreakers,1,Tom Petty & The Heartbreakers
tom scott (grp all-star big band),1,Tom Scott (GRP All-Star Big Band)
"tommy allsup, floyd domino, larry franklin, vince gill & steve wariner",1,"Tommy Allsup, Floyd Domino, Larry Franklin, Vince Gill & Steve Wariner"
tony bennett & bill charlap,1,Tony Bennett & Bill Charlap
tony bennett & k.d. lang,1,Tony Bennett & k.d. lang
tony iommi,1,Tony Iommi
tramaine hawkins,1,Tramaine Hawkins
travis tritt & marty stuart,1,Travis Tritt & Marty Stuart
trevor noah,1,Trevor Noah
trisha yearwood & garth brooks,1,Trisha Yearwood & Garth Brooks
turtle island quartet,1,Turtle Island Quartet
turtle island string quartet with ying quartet,1,Turtle Island String Quartet With Ying Quartet
"(david seville and the chipmunks) ross bagdasarian, sr.",1,"(David Seville And The Chipmunks) Ross Bagdasarian, Sr."
ybn cordae,1,YBN Cordae
yes,1,Yes
yo-yo ma & the silk road ensemble,1,Yo-Yo Ma & The Silk Road Ensemble
"yo-yo ma, jorge calandrelli, conductor",1,"Yo-Yo Ma, Jorge Calandrelli, conductor"
(miles davis) & various artists,1,(Miles Davis) & Various Artists
(bulgarian state female vocal choir),1,(Bulgarian State Female Vocal Choir)
william warfield,1,William Warfield
willie dixon,1,Willie Dixon
willie nelson & lee ann womack,1,Willie Nelson & Lee Ann Womack
wisin y yandel,1,Wisin y Yandel
wynton marsalis group,1,Wynton Marsalis Group
"wynton marsalis, graham greene & kate winslet",1,"Wynton Marsalis, Graham Greene & Kate Winslet"
(john f. kennedy),1,(John F. Kennedy)
van mccoy,1,Van McCoy
verdell primeaux & johnny mike,1,Verdell Primeaux & Johnny Mike
william bell,1,William Bell
william murphy,1,William Murphy
(simon and garfunkel),1,(Simon And Garfunkel)
"(sly & the family stone), john legend, joss stone with van hunt",1,"(Sly & The Family Stone), John Legend, Joss Stone With Van Hunt"
(the beatles),1,(The Beatles)
(the doors),1,(The Doors)
(the maranatha! kids),1,(The Maranatha! Kids)
"(the muppets, glen campbell, crystal gayle, loretta lynn, tanya tucker)",1,"(The Muppets, Glen Campbell, Crystal Gayle, Loretta Lynn, Tanya Tucker)"
(the sesame street muppets & various artists),1,(The Sesame Street Muppets & Various Artists)
(the sesame street muppets),1,(The Sesame Street Muppets)
(joe south),1,(Joe South)
(jimi hendrix),1,(Jimi Hendrix)
(jim henson's muppets & the sesame street cast),1,(Jim Henson's Muppets & The Sesame Street Cast)
(jane ira bloom),1,(Jane Ira Bloom)
(franklin delano roosevelt),1,(Franklin Delano Roosevelt)
(depeche mode),1,(Depeche Mode)
